Biome,Percentage
Desert,0.94578352180937
Flower,0.0001938610662358643
Prairie,0.014668820678513732
Riverside,0.0031663974151857834
Rocky Area,0.02617124394184168
Ruins,0.010016155088852988
