Biome,Percentage
Beach,0.002731989952144337
Lake,0.8603751443920864
Ocean,0.09224591576669906
Riverside,0.018702213095216268
Rocky Area,0.018280496525422175
Ruins,0.0035387520856634703
Snowfield,0.0041254881827682945
