Biome,Percentage
Cave,0.13312235210045428
Mountain,0.2889081721198509
Prairie,0.08253790005614824
Rocky Area,0.05226889898422745
Town,0.4431626767393191
