Biome,Percentage
Cave,0.029997414016033102
Lake,0.0065080596500301695
Mine,0.8106628738901819
Ocean,0.0472373071286958
Prairie,0.009180243082492889
Riverside,0.08714765968450995
Town,0.009266442548056203
