Biome,Percentage
Beach,0.0589355875699488
Forest,0.0130967972377664
Ocean,0.11358495058935587
Prairie,0.4205857840219074
Riverside,0.34129062983688535
Rocky Area,0.01797833075366115
Ruins,0.0035718537921181092
Town,0.030956066198356946
