Biome,Percentage
Beach,0.014632689627712522
Flower,0.003882142146127812
Ocean,0.9814851682261597
