Biome,Percentage
Beach,0.009500415417404182
Forest,0.11884550084889643
Mountain,0.0802297438861395
Ocean,0.10706932052161977
Prairie,0.4979590362316223
Riverside,0.0697901239027562
Rocky Area,0.06166239208178304
Town,0.054943467109778564
