Biome,Percentage
Beach,0.0176899601717271
Cave,0.003051776754771634
Flower,0.013862307970827083
Lake,0.057207882894532665
Mountain,0.4374903015569234
Ocean,0.10991568820152071
Riverside,0.04360420007241504
Rocky Area,0.14100243107639787
Ruins,0.0012931257435473025
Snowfield,0.1748823255573372
