Biome,Percentage
Beach,0.1342223761690336
Cave,0.009871839279528923
Flower,0.18565985452026326
Ocean,0.41790786283339104
Prairie,0.12850710079667474
Riverside,0.07239348804987877
Rocky Area,0.030654658815379286
Snowfield,0.020782819535850365
