Biome,Percentage
Bamboo Forest,0.28613515006444484
Cave,0.009206407659731172
Flower,0.031670042349475236
Lake,0.13938501196832995
Rocky Area,0.5291843122813478
Ruins,0.004419075676670963
