Biome,Percentage
Beach,0.06705539358600583
Ocean,0.08454810495626822
Prairie,0.8483965014577259
