Biome,Percentage
Flower,0.014127144298688193
Town,0.9858728557013118
