Biome,Percentage
Prairie,0.15377294357579877
Rocky Area,0.816723317471108
Ruins,0.00938137321549966
Town,0.020122365737593472
