Biome,Percentage
Cave,0.26202714409471556
Flower,0.009413803060929829
Lake,0.006930407161420733
Mountain,0.2801617095004332
Ocean,0.1815189142362114
Riverside,0.01900086630089518
Rocky Area,0.1171238810280104
Ruins,0.01357204735778227
Town,0.1102512272596015
