Biome,Percentage
Flower,0.014625228519195612
Forest,0.007414178346536664
Lake,0.09836481820028438
Mountain,0.1860146252285192
Ocean,0.10760715011172049
Prairie,0.45972983952874263
Riverside,0.07018078407475117
Rocky Area,0.05134064594759293
Ruins,0.004722730042656917
