Biome,Percentage
Beach,0.022520694692420063
Flower,0.002028891413731537
Lake,0.05254828761564681
Mountain,0.0802629443272196
Ocean,0.09844181139425418
Prairie,0.372747930530758
Riverside,0.0615159876643402
Rocky Area,0.26192988151274144
Ruins,0.004828761564681058
Swamp,0.04317480928420711
