Biome,Percentage
Flower,0.002407566638005159
Forest,0.03310404127257094
Mountain,0.009802235597592433
Olive,0.16478933791917455
Prairie,0.4908426483233018
Riverside,0.19251934651762684
Rocky Area,0.032717110920034397
Ruins,0.007738607050730868
Town,0.06607910576096303
