Biome,Percentage
Flower,0.006128007262823422
Forest,0.8107126645483431
Lake,0.015433499773036768
Riverside,0.1484339536995007
Rocky Area,0.01929187471629596
