Biome,Percentage
Beach,0.0041707135919556645
Cave,0.028537964920299377
Flower,0.003742215620179398
Mountain,0.6927669542364167
Ocean,0.07170199394389533
Riverside,0.07638690510198251
Rocky Area,0.11586585156830258
Ruins,0.00682740101696852
