Biome,Percentage
Forest,0.2847097006851785
Lake,0.005860079336458709
Prairie,0.5609448250991705
Riverside,0.06509195816804904
Rocky Area,0.02925531914893617
Ruins,0.0036512802019473493
Town,0.05048683736025965
