Biome,Percentage
Beach,0.04033926354985519
Cave,0.12880981933526411
Ocean,0.11777685836436354
Prairie,0.5279961384636602
Riverside,0.08784995173079575
Rocky Area,0.07254171838367121
Town,0.024686250172390015
