Biome,Percentage
Cave,0.046508596105271735
Flower,0.0005866536299193351
Lake,0.004057687606942068
Mountain,0.1653059561639371
Ocean,0.02781715961867514
Riverside,0.04879002688829137
Rocky Area,0.11817811456041717
Ruins,0.0025095738613216
Snowfield,0.5825633504440642
Town,0.0036828811211602704
