Biome,Percentage
Beach,0.006712357803999152
Flower,0.013283402812124638
Forest,0.06578110647919169
Lake,0.08895640500247297
Ocean,0.12569773192962622
Prairie,0.4282484278951459
Riverside,0.24588426482017947
Ruins,0.011022398078145977
Town,0.01441390517911397
